1;Sim;Lelande;slelande0@ca.gov;Male;251.196.100.21
2;Rossy;Dowdam;rdowdam1@cargocollective.com;Non-binary;225.7.200.112
3;Julee;Kaubisch;jkaubisch2@ebay.com;Bigender;77.159.20.16
4;Vinny;Kurtis;vkurtis3@purevolume.com;Non-binary;143.23.171.99
5;Ashby;Cicconetti;acicconetti4@sun.com;Genderfluid;249.158.99.31
6;Krishna;Saville;ksaville5@soundcloud.com;Bigender;154.141.71.72
7;Sandy;Climson;sclimson6@163.com;Polygender;28.63.12.196
8;Marice;Barkworth;mbarkworth7@washingtonpost.com;Agender;215.210.13.135
9;Olivette;Dilliway;odilliway8@simplemachines.org;Bigender;9.44.222.237
10;Mario;Nyles;mnyles9@devhub.com;Male;166.178.236.66
11;Dacey;Bradnam;dbradnama@nifty.com;Bigender;108.169.65.119
12;Ellerey;Forte;eforteb@state.tx.us;Genderqueer;158.209.91.180
13;Royall;Gricks;rgricksc@engadget.com;Agender;137.42.49.100
14;Shanan;Pressdee;spressdeed@bravesites.com;Male;32.33.56.198
15;Elsbeth;Barles;ebarlese@ucoz.ru;Male;244.175.200.145
16;Graeme;Cory;gcoryf@yellowbook.com;Genderqueer;118.195.0.17
17;Dalli;MacChaell;dmacchaellg@earthlink.net;Female;87.38.238.38
18;Finlay;Cracoe;fcracoeh@qq.com;Genderqueer;19.131.196.55
19;Laraine;Bodleigh;lbodleighi@homestead.com;Male;72.102.101.227
20;Addison;Bohlje;abohljej@nhs.uk;Genderqueer;171.254.5.234
21;Gamaliel;Gronno;ggronnok@lulu.com;Bigender;182.180.222.221
22;Deane;Leverage;dleveragel@mapquest.com;Genderqueer;188.245.18.188
23;Kellen;Pindell;kpindellm@jimdo.com;Male;97.162.220.246
24;Orin;Dutch;odutchn@mail.ru;Agender;116.64.108.55
25;Zollie;Burkman;zburkmano@statcounter.com;Bigender;196.20.189.41
26;Jaquith;Castellini;jcastellinip@flavors.me;Female;125.141.49.55
27;Farley;Hegges;fheggesq@plala.or.jp;Polygender;20.166.22.219
28;Waldon;Polkinhorn;wpolkinhornr@biglobe.ne.jp;Bigender;252.211.100.159
29;Gloriane;Gowrich;ggowrichs@bloglines.com;Male;121.97.201.53
30;Joshia;Tuxsell;jtuxsellt@freewebs.com;Male;251.214.6.156
31;Inglis;Casaccio;icasacciou@soundcloud.com;Genderqueer;172.175.229.145
32;Pamelina;Ionnidis;pionnidisv@altervista.org;Agender;234.234.11.230
33;Stephannie;Pesic;spesicw@berkeley.edu;Female;108.113.51.167
34;Verena;Pedrocco;vpedroccox@mayoclinic.com;Polygender;255.42.110.133
35;Elga;Dering;ederingy@ted.com;Female;222.54.168.94
36;Ulberto;McKeighan;umckeighanz@facebook.com;Bigender;235.57.67.89
37;Jackie;Gages;jgages10@soup.io;Bigender;33.163.132.145
38;Felecia;Aldersley;faldersley11@state.tx.us;Male;1.43.166.48
39;Tatum;Brownsea;tbrownsea12@quantcast.com;Genderfluid;4.130.37.218
40;Griffin;Wenman;gwenman13@ovh.net;Genderqueer;86.36.103.205
41;Erinn;Caso;ecaso14@miibeian.gov.cn;Male;43.245.83.233
42;Everett;Flury;eflury15@china.com.cn;Non-binary;249.227.91.150
43;Guido;Goodee;ggoodee16@amazon.co.jp;Bigender;198.203.206.48
44;Josephina;Aim;jaim17@eepurl.com;Agender;112.128.34.27
45;Ben;Kingsworth;bkingsworth18@economist.com;Male;51.220.37.31
46;Ann;Boulder;aboulder19@hhs.gov;Polygender;204.15.85.254
47;Frankie;Kyngdon;fkyngdon1a@trellian.com;Female;159.156.91.113
48;Hana;Klimke;hklimke1b@engadget.com;Agender;248.81.41.152
49;Chandal;Curwood;ccurwood1c@domainmarket.com;Male;93.66.194.57
50;Courtney;Stallen;cstallen1d@sbwire.com;Male;47.189.163.34